guest_id,guest_name,side,rsvp_status,assigned_room_type
001,Guest_001,,pending,
002,Guest_002,,pending,
003,Guest_003,,pending,
004,Guest_004,,pending,
005,Guest_005,,pending,
006,Guest_006,,pending,
007,Guest_007,,pending,
008,Guest_008,,pending,
009,Guest_009,,pending,
010,Guest_010,,pending,
011,Guest_011,,pending,
012,Guest_012,,pending,
013,Guest_013,,pending,
014,Guest_014,,pending,
015,Guest_015,,pending,
016,Guest_016,,pending,
017,Guest_017,,pending,
018,Guest_018,,pending,
019,Guest_019,,pending,
020,Guest_020,,pending,
021,Guest_021,,pending,
022,Guest_022,,pending,
023,Guest_023,,pending,
024,Guest_024,,pending,
025,Guest_025,,pending,
026,Guest_026,,pending,
027,Guest_027,,pending,
028,Guest_028,,pending,
029,Guest_029,,pending,
030,Guest_030,,pending,
031,Guest_031,,pending,
032,Guest_032,,pending,
033,Guest_033,,pending,
034,Guest_034,,pending,
035,Guest_035,,pending,
036,Guest_036,,pending,
037,Guest_037,,pending,
038,Guest_038,,pending,
039,Guest_039,,pending,
040,Guest_040,,pending,
041,Guest_041,,pending,
042,Guest_042,,pending,
043,Guest_043,,pending,
044,Guest_044,,pending,
045,Guest_045,,pending,
046,Guest_046,,pending,
047,Guest_047,,pending,
048,Guest_048,,pending,
049,Guest_049,,pending,
050,Guest_050,,pending,
051,Guest_051,,pending,
052,Guest_052,,pending,
053,Guest_053,,pending,
054,Guest_054,,pending,
055,Guest_055,,pending,
056,Guest_056,,pending,
057,Guest_057,,pending,
058,Guest_058,,pending,
059,Guest_059,,pending,
060,Guest_060,,pending,
061,Guest_061,,pending,
062,Guest_062,,pending,
063,Guest_063,,pending,
064,Guest_064,,pending,
065,Guest_065,,pending,
066,Guest_066,,pending,
067,Guest_067,,pending,
068,Guest_068,,pending,
069,Guest_069,,pending,
070,Guest_070,,pending,
071,Guest_071,,pending,
072,Guest_072,,pending,
073,Guest_073,,pending,
074,Guest_074,,pending,
075,Guest_075,,pending,
076,Guest_076,,pending,
077,Guest_077,,pending,
078,Guest_078,,pending,
079,Guest_079,,pending,
080,Guest_080,,pending,
081,Guest_081,,pending,
082,Guest_082,,pending,
083,Guest_083,,pending,
084,Guest_084,,pending,
085,Guest_085,,pending,
086,Guest_086,,pending,
087,Guest_087,,pending,
088,Guest_088,,pending,
089,Guest_089,,pending,
090,Guest_090,,pending,
091,Guest_091,,pending,
092,Guest_092,,pending,
093,Guest_093,,pending,
094,Guest_094,,pending,
095,Guest_095,,pending,
096,Guest_096,,pending,
097,Guest_097,,pending,
098,Guest_098,,pending,
099,Guest_099,,pending,
100,Guest_100,,pending,
101,Guest_101,,pending,
102,Guest_102,,pending,
103,Guest_103,,pending,
104,Guest_104,,pending,
105,Guest_105,,pending,
106,Guest_106,,pending,
107,Guest_107,,pending,
108,Guest_108,,pending,
109,Guest_109,,pending,
110,Guest_110,,pending,
111,Guest_111,,pending,
112,Guest_112,,pending,
113,Guest_113,,pending,
114,Guest_114,,pending,
115,Guest_115,,pending,
116,Guest_116,,pending,
117,Guest_117,,pending,
118,Guest_118,,pending,
119,Guest_119,,pending,
120,Guest_120,,pending,
121,Guest_121,,pending,
122,Guest_122,,pending,
123,Guest_123,,pending,
124,Guest_124,,pending,
125,Guest_125,,pending,
126,Guest_126,,pending,
127,Guest_127,,pending,
128,Guest_128,,pending,
129,Guest_129,,pending,
130,Guest_130,,pending,
131,Guest_131,,pending,
132,Guest_132,,pending,
133,Guest_133,,pending,
134,Guest_134,,pending,
135,Guest_135,,pending,
136,Guest_136,,pending,
137,Guest_137,,pending,
138,Guest_138,,pending,
139,Guest_139,,pending,
140,Guest_140,,pending,
141,Guest_141,,pending,
142,Guest_142,,pending,
143,Guest_143,,pending,
144,Guest_144,,pending,
145,Guest_145,,pending,
146,Guest_146,,pending,
147,Guest_147,,pending,
148,Guest_148,,pending,
149,Guest_149,,pending,
150,Guest_150,,pending,
151,Guest_151,,pending,
152,Guest_152,,pending,
153,Guest_153,,pending,
154,Guest_154,,pending,
155,Guest_155,,pending,
156,Guest_156,,pending,
157,Guest_157,,pending,
158,Guest_158,,pending,
159,Guest_159,,pending,
160,Guest_160,,pending,
161,Guest_161,,pending,
162,Guest_162,,pending,
163,Guest_163,,pending,
164,Guest_164,,pending,
165,Guest_165,,pending,
166,Guest_166,,pending,
167,Guest_167,,pending,
168,Guest_168,,pending,
169,Guest_169,,pending,
170,Guest_170,,pending,
171,Guest_171,,pending,
172,Guest_172,,pending,
173,Guest_173,,pending,
174,Guest_174,,pending,
175,Guest_175,,pending,
176,Guest_176,,pending,
177,Guest_177,,pending,
178,Guest_178,,pending,
179,Guest_179,,pending,
180,Guest_180,,pending,
181,Guest_181,,pending,
182,Guest_182,,pending,
183,Guest_183,,pending,
184,Guest_184,,pending,
185,Guest_185,,pending,
186,Guest_186,,pending,
187,Guest_187,,pending,
188,Guest_188,,pending,
189,Guest_189,,pending,
190,Guest_190,,pending,
191,Guest_191,,pending,
192,Guest_192,,pending,
193,Guest_193,,pending,
194,Guest_194,,pending,
195,Guest_195,,pending,
196,Guest_196,,pending,
197,Guest_197,,pending,
198,Guest_198,,pending,
199,Guest_199,,pending,
200,Guest_200,,pending,
201,Guest_201,,,
202,Guest_202,,,
203,Guest_203,,,
204,Guest_204,,,
205,Guest_205,,,
206,Guest_206,,,
207,Guest_207,,,
208,Guest_208,,,
209,Guest_209,,,
210,Guest_210,,,
211,Guest_211,,,
212,Guest_212,,,
213,Guest_213,,,
214,Guest_214,,,
215,Guest_215,,,
216,Guest_216,,,
217,Guest_217,,,
218,Guest_218,,,
219,Guest_219,,,
220,Guest_220,,,
221,Guest_221,,,
222,Guest_222,,,
223,Guest_223,,,
224,Guest_224,,,
225,Guest_225,,,
226,Guest_226,,,
227,Guest_227,,,
228,Guest_228,,,
229,Guest_229,,,
230,Guest_230,,,
231,Guest_231,,,
232,Guest_232,,,
233,Guest_233,,,
234,Guest_234,,,
235,Guest_235,,,
236,Guest_236,,,
237,Guest_237,,,
238,Guest_238,,,
239,Guest_239,,,
240,Guest_240,,,
241,Guest_241,,,
242,Guest_242,,,
243,Guest_243,,,
244,Guest_244,,,
245,Guest_245,,,
246,Guest_246,,,
247,Guest_247,,,
248,Guest_248,,,
249,Guest_249,,,
250,Guest_250,,,
251,Guest_251,,,
252,Guest_252,,,
253,Guest_253,,,
254,Guest_254,,,
255,Guest_255,,,
256,Guest_256,,,
257,Guest_257,,,
258,Guest_258,,,
259,Guest_259,,,
260,Guest_260,,,
261,Guest_261,,,
262,Guest_262,,,
263,Guest_263,,,
264,Guest_264,,,
265,Guest_265,,,
266,Guest_266,,,
267,Guest_267,,,
268,Guest_268,,,
269,Guest_269,,,
270,Guest_270,,,
271,Guest_271,,,
272,Guest_272,,,
273,Guest_273,,,
274,Guest_274,,,
275,Guest_275,,,
276,Guest_276,,,
277,Guest_277,,,
278,Guest_278,,,
279,Guest_279,,,
280,Guest_280,,,
281,Guest_281,,,
282,Guest_282,,,
283,Guest_283,,,
284,Guest_284,,,
285,Guest_285,,,
286,Guest_286,,,
287,Guest_287,,,
288,Guest_288,,,
289,Guest_289,,,
290,Guest_290,,,
291,Guest_291,,,
292,Guest_292,,,
293,Guest_293,,,
294,Guest_294,,,
295,Guest_295,,,
296,Guest_296,,,
297,Guest_297,,,
298,Guest_298,,,
299,Guest_299,,,
300,Guest_300,,,
301,Guest_301,,,
302,Guest_302,,,
303,Guest_303,,,
304,Guest_304,,,
305,Guest_305,,,
306,Guest_306,,,
307,Guest_307,,,
308,Guest_308,,,
309,Guest_309,,,
310,Guest_310,,,
311,Guest_311,,,
312,Guest_312,,,
313,Guest_313,,,
314,Guest_314,,,
315,Guest_315,,,
316,Guest_316,,,
317,Guest_317,,,
318,Guest_318,,,
319,Guest_319,,,
320,Guest_320,,,
321,Guest_321,,,
322,Guest_322,,,
323,Guest_323,,,
324,Guest_324,,,
325,Guest_325,,,
326,Guest_326,,,
327,Guest_327,,,
328,Guest_328,,,
329,Guest_329,,,
330,Guest_330,,,
331,Guest_331,,,
332,Guest_332,,,
333,Guest_333,,,
334,Guest_334,,,
335,Guest_335,,,
336,Guest_336,,,
337,Guest_337,,,
338,Guest_338,,,
339,Guest_339,,,
340,Guest_340,,,
341,Guest_341,,,
342,Guest_342,,,
343,Guest_343,,,
344,Guest_344,,,
345,Guest_345,,,
346,Guest_346,,,
347,Guest_347,,,
348,Guest_348,,,
349,Guest_349,,,
350,Guest_350,,,
351,Guest_351,,,
352,Guest_352,,,
353,Guest_353,,,
354,Guest_354,,,
355,Guest_355,,,
356,Guest_356,,,
357,Guest_357,,,
358,Guest_358,,,
359,Guest_359,,,
360,Guest_360,,,
361,Guest_361,,,
362,Guest_362,,,
363,Guest_363,,,
364,Guest_364,,,
365,Guest_365,,,
366,Guest_366,,,
367,Guest_367,,,
368,Guest_368,,,
369,Guest_369,,,
370,Guest_370,,,
371,Guest_371,,,
372,Guest_372,,,
373,Guest_373,,,
374,Guest_374,,,
375,Guest_375,,,
376,Guest_376,,,
377,Guest_377,,,
378,Guest_378,,,
379,Guest_379,,,
380,Guest_380,,,
381,Guest_381,,,
382,Guest_382,,,
383,Guest_383,,,
384,Guest_384,,,
385,Guest_385,,,
386,Guest_386,,,
387,Guest_387,,,
388,Guest_388,,,
389,Guest_389,,,
390,Guest_390,,,
391,Guest_391,,,
392,Guest_392,,,
393,Guest_393,,,
394,Guest_394,,,
395,Guest_395,,,
396,Guest_396,,,
397,Guest_397,,,
398,Guest_398,,,
399,Guest_399,,,
400,Guest_400,,,
401,Guest_401,,,
402,Guest_402,,,
403,Guest_403,,,
404,Guest_404,,,
405,Guest_405,,,
406,Guest_406,,,
407,Guest_407,,,
408,Guest_408,,,
409,Guest_409,,,
410,Guest_410,,,
411,Guest_411,,,
412,Guest_412,,,
413,Guest_413,,,
414,Guest_414,,,
415,Guest_415,,,
416,Guest_416,,,
417,Guest_417,,,
418,Guest_418,,,
419,Guest_419,,,
420,Guest_420,,,
421,Guest_421,,,
422,Guest_422,,,
423,Guest_423,,,
424,Guest_424,,,
425,Guest_425,,,
426,Guest_426,,,
427,Guest_427,,,
428,Guest_428,,,
429,Guest_429,,,
430,Guest_430,,,
431,Guest_431,,,
432,Guest_432,,,
433,Guest_433,,,
434,Guest_434,,,
435,Guest_435,,,
436,Guest_436,,,
437,Guest_437,,,
438,Guest_438,,,
439,Guest_439,,,
440,Guest_440,,,
441,Guest_441,,,
442,Guest_442,,,
443,Guest_443,,,
444,Guest_444,,,
445,Guest_445,,,
446,Guest_446,,,
447,Guest_447,,,
448,Guest_448,,,
449,Guest_449,,,
450,Guest_450,,,
451,Guest_451,,,
452,Guest_452,,,
453,Guest_453,,,
454,Guest_454,,,
455,Guest_455,,,
456,Guest_456,,,
457,Guest_457,,,
458,Guest_458,,,
459,Guest_459,,,
460,Guest_460,,,
461,Guest_461,,,
462,Guest_462,,,
463,Guest_463,,,
464,Guest_464,,,
465,Guest_465,,,
466,Guest_466,,,
467,Guest_467,,,
468,Guest_468,,,
469,Guest_469,,,
470,Guest_470,,,
471,Guest_471,,,
472,Guest_472,,,
473,Guest_473,,,
474,Guest_474,,,
475,Guest_475,,,
476,Guest_476,,,
477,Guest_477,,,
478,Guest_478,,,
479,Guest_479,,,
480,Guest_480,,,
481,Guest_481,,,
482,Guest_482,,,
483,Guest_483,,,
484,Guest_484,,,
485,Guest_485,,,
486,Guest_486,,,
487,Guest_487,,,
488,Guest_488,,,
489,Guest_489,,,
490,Guest_490,,,
491,Guest_491,,,
492,Guest_492,,,
493,Guest_493,,,
494,Guest_494,,,
495,Guest_495,,,
496,Guest_496,,,
497,Guest_497,,,
498,Guest_498,,,
499,Guest_499,,,
500,Guest_500,,,
